Phoenix	Macrophomina phaseolina	mp053	Phoenix	Phoenix	195341	TTTACA	17		No				35725	species
Phoenix	Phaeomoniella chlamydospora 	UCRPC4	Phoenix_Pcla	Phoenix	31584	TTACAG	14		No					
Galactica	Paecilomyces variotii	CBS 144490 HYG1	Chrysoar_Pvar	Chrysoar	202217	GCTAGT	13		No				264951	species
Galactica	Aspergillus sojae	SMF134	Galactica_Asoj	Galactica	393008	?	15		Yes		Alignment to Afla		41058	species
Galactica	Aspergillus oryzae	RIB40	Galactica_Aory	Galactica	253754	GTAGT	16		Yes		Alignment to Afla		5062	species
Galactica	Aspergillus flavus	AF13	Galactica_Afla	Galactica	309598	GTAGTT	12		Yes				5059	species
Galactica	Aspergillus niger	FDAARGOS_311	Galacticafam_Anig		298635	TAGTG	16?		yes				5061	species
Galactica	Aspergillus flavus	AZS04M2A	Galactica_Afla_AZS04M2A	Galactica	309815	GTAGT	12						5059	species
	Fonsecaea nubica	CBS 269.64 	Starship-1_Fnub		86182	GAAACRA	-		No				856822	species
	Fonsecaea pedrosoi	CBS 271.37	Starship-1_Fped		86057	TGTTAT	-		No				40355	species
	Fusarium poae	2516	Starship-1_Fpoa		464334	TGTTTTGG	16		2 copies?				36050	species
	Aspergillus niger (phoenicis Corda) Thom 	ATCC 13157	Starship-1_Anig		75031	ACATACAACAGAAGG	11	5S	No			HSP70		
	Aspergillus luchuensis	CBS 106.47 	Starship-1_Aluc		81688	ACATACAACAGAAGG	-				aligned to Anig		1069201	species
	Aspergillus welwitschiae	CBS139.54b	Starship-1_Awel		81412	ACATACAACAGAAGG	11				aligned to Anig		1341132	species
	Aspergillus vadensis 	CBS 113365	Starship-1_Avad		79872	ACATACAACAGAAGG	11							
	Trichoderma asperellum	CBS 433.97	Starship-1_Tasp		73474	GCTCGTATA	-		No		n's		101201	species
Arwing	Fusarium fujikuroi	I1.3	Arwing_Ffuj	Arwing	93762	CCCGTC	9		No		HGT?		5127	species
Arwing	Fusarium oxyspoum	4287	Arwing_Foxy_Fol4287	Arwing	92532	CCATAG	-		Yes					
Arwing	Fusarium oxyspoum	Fo5176	Arwing_Foxy_5176	Arwing	100660	CCCGTC	9		Yes					
	Cladophialophora psammophila	 CBS 110553	Starship-2_Cpsa		91057	?	-		No		rearrandged		1182553	species
	Letharia lupina	 WasteWater1	Starship-1_Llup		88059	YYACTCGT	-		No		Ripped		560253	species
Enterprise	Melanconium sp.	NRRL 54901	Enterprise_Msp	Enterprise	71950	AGGTAG	-		No				2026559	species
Enterprise	Podospora anserina	Wa28	Enterprise_Pans	Enterprise	161296	AGGTAG	-		Yes				2587412	species
	Fusarium fujikuroi 	E282	Starship-2_Ffuj		86995	TGTGGTATT	16				related to ARS transfer			
	Fusarium proliferatum 	ITEM 2341	Starship-1_Fpro		81850	TGTGGTATT	16				aligned to Ffuj			
	Fusarium oxysporum	170	Starship-1_Ffoxy_170		82662	TGTGGTATT	16				aligned to Ffuj		5507	species
	Aspergillus flavus	NRRL3357	Starship-1_Afla		59419	ACTA	13	TE	No				5059	species
	Macrophomina phaseolina	mp050	Defiant_Mpha	Defiant	192877	ACTA	17		No				35725	species
	Cochliobolus heterostrophus	PR9b	Starship-1_Chet		105366	TACT	18		No					
	Exserohilum turcica	Et28A 	Starship-1_Etur		157147	TACT	18		No		aligned to Chet	"4	5 DOPA dioxygenase extradiol"		
	Exserohilum rostratum	 ER1	Starship-1_Eros		182487	TACT	18		No		aligned to Etur		1659837	species
	Bipolaris sorokiniana	BS112	Starship-1_Bsor		192084	TACT	18		No		"aligned to Etur	 MAT genes!?"		45130	species
	Bipolaris victoriae	FI3	Starship-1_Bvic		92203	TTTACT	18		No		aligned to Etur		40125	species
	Bipolaris maydis	C5	Starship-1_Bmay		140069	GTTTACT	18		No		aligned to Chet		5016	species
	Aspergillus sp.	GbtcF2 F2_37	Starship-1_Asp		59378	ATACTA	27?						5065	species
	Fusarium culmorum	Class2-1B	Starship-1_Fcul		156001	ATACCT	-		2?		Alignment to Foxy		5516	species
	Fusarium oxysporum	 Fo5176	Starship-1_Foxy_Fo5176		117827	?			Yes		Alignment to Foxy		5507	species
	Fusarium oxysporum	Fo47	Starship-1_Foxy_Fo47		119415	?			2?		Alignment to Foxy		5507	species
	Fusarium oxysporum	F1004	Starship-1_Foxy		137343	AAGATATAC	-		2?				5507	species
	Fusarium oxysporum	F207	Foxy-1_Fusoxy_F207		139180	ATAATA			2?		Alignment to Foxy		5507	species
Voyager	Macrophomina phaseolina	mp102	Voyager_Mpha	Voyager	91145	GCCCTGTATTCT	24	5S	No				35725	species
Voyager	Botryosphaeria dothidea	 LW-Hubei	Voyager_Bdot	Voyager	68837	CCTATATTCT	11		No				55169	species
	Alternaria gaisen	FERA 650	Starship-1_Agai		55716	TGAAAATTAG	11		No		Alignment to Aalt		167740	species
	Alternaria alternata	Z7	Starship-1_Aalt		87507	TGAAAATTAG	11		No		Alignment to Aten		5599	species
	Alternaria solani	NL03003	Starship-1_Asol		96947	tgaaagctag	9		No	Yes	Alignment to Aten		48100	species
	Alternaria tenuissima	FERA 743	Starship-2_Aten		84520	TGAAAATTAG	10	5S	No	Yes			119927	species
	Alternaria tenuissima	FERA 743	Starship-1_Aten		83050	TGAAAATTAG	14		No				119927	species
	Bipolaris maydis	HAW225	Starship-2_Bmay		99415	TAGTG	16		No			FabG	5016	species
	Bipolaris zeicola	GZL10	Starship-2_Bzei		77192	TAGT	18		No		aligned to Bmay-2		5017	species
Hephaestus	Talaromyces marneffei	11CN-20-091	Hephaestusfam_Tmar		59925	TTAC	-		Yes				37727	species
Hephaestus	Aspergillus felis	 FM324	Hephaestusfam_Afel		40445	TTACAGC	14		No		aligned to Afum		1287682	species
Hephaestus	Aspergillus fumigatus	Af293	Hephaestusfam_Afum		53113	TTTACA	16		No	yes			746128	species
Hephaestus	Penicillium chrysogenum	Pch1	Mithridate_Pchr	Mithridate	62241	?	11		No		aligned to?		5076	species
Hephaestus	Aspergillus nidulans 	SP-2605-48 	Mithridate_Anid	Mithridate	81705	GTTTTAC	?		No					
Hephaestus	Penicillium griseoroseum	IF7SW-F5	Mithridate_Pgri	Mithridate	62253	TTACA	11						84562	species
Hephaestus	Penicillium roqueforti 	FM164	Aristaeus_Proq	Aristaeus	74970	TATTACA	16							
Hephaestus	Penicillium camemberti	FM013	Aristaeus_Pcam	Aristaeus	79663	TATTACA	13						5075	species
Hephaestus	Paecilomyces variotii	CBS 144490 HYG1	Hephaestus_Pvar	Hephaestus	77564	TTAC	15		yes	yes			264951	species
Hephaestus	Aspergillus fumigatus	D-2-23L-5	Hephaestusfam_Afum_D-2-23L-5		53113	TTACAA	16		No	yes			746128	species
Hephaestus	Aspergillus fischeri 	IBT 3003	Hephaestusfam_Afis		48913	TTACAA	13							
Hephaestus	Aspergillus novofumigatus 	IBT 16806	Hephaestusfam_Anov		47493	TACA	14							
Hephaestus	Aspergillus thermomutatus 	HMR AF 39	Hephaestusfam_Athe		65455	TTTACA	16							
Hephaestus	Aspergillus lentulus 	IFM 60648	Hephaestusfam_Alen		54465	TTTACAA	16							
Hephaestus	Aspergillus neoellipticus	NRRL 5109	Hephaestusfam_Aneo		14634	TTACA	16						91482	species
Hephaestus	Aspergillus fumigatus	LMB-35Aa	Hephaestusfam_Afum_mini		14634	TTACA	16						746128	species
Hephaestus	Penicillium chrysogenum	HKF42	Mithridate_Pchr_HKF42	Mithridate	55184	TTACA	16						5076	species
Hephaestus	Aspergillus fumigatus	Af293	Hephaestusfam_Afum2		57356	ttACAAC	16	Microsatellite					746128	species
Hephaestus	Penicillium oxalicum	SGAir0226	Hephaestusfam_Poxa		43824	ACA	14						69781	species
Hephaestus	Penicillium rolfsii	F1880	Hephaestusfam_Prol		56396	ATTACA	17						69785	species
Hephaestus	Penicillium nalgiovense	IBT 13039	Hephaestusfam_Pnal		7679	?	14						60175	species
Hephaestus	Penicillium chrysogenum	Wisconsin 54-1255	Hephaestusfam_Pchr_54-1255		111216	?	15?						5076	species
Hephaestus	Penicillium decumbens 	IBT 11843	Hephaestusfam_Pdec		45942	GTTTACAA	?							
Hephaestus	Penicillium sp. 	str. #12	Hephaestusfam_Psp		7679	?	14							
Hephaestus	Talaromyces stipitatus 	ATCC 10500 	Hephaestusfam_Tsti		40862	?	10							
Hephaestus	Talaromyces rugulosus 	W13939	Hephaestusfam_Trug		49232	?	13							
Hephaestus	Talaromyces rugulosus 	W13939	Hephaestusfam_Trug2		48648	?	7							
Hephaestus	Talaromyces islandicus 	PIS	Hephaestusfam_Tisl		53416	?	10							
Hephaestus	Aspergillus fischeri 	NRRL 181	Hephaestusfam_Afis_NRRL181		36858	TTACA	?							
	Penicillium roqueforti 	FM164	Wallaby_Proq	Wallaby	574636	ACCA	5	TE						
	Trichoderma asperellum	DQ-1	Starship-2_Tasp		293882	ATAACA	12		No		Nesting		101201	species
	Podospora anserina	S	Starship-2_Pans		60406	TCTC	10		No				2587412	species
	Cladophialophora psammophila	 CBS 110553	Starship-1_Cpsa		69866	TCTTGGCG	24		No				1182553	species
	Orbilia oligospora	 TWF106	Starship-1_Ooli		112276	NTAANTA	18		No	yes			2813651	species
	Morchella importuna 	CCBAS932 v1.0	Starship-1_Mimp		26941	TACTCTACT	17		No					
Enterprise	Aspergillus nidulans 	SP-2605-48	Osiris_Anid_SP-2605-48	Osiris	60787	AAGCC	13	5S						
	Penicillium sp. 	str. #12	StarshipX_Psp		269214	TTATTACAC	10							
	Penicillium chrysogenum	P2niaD18	StarshipX_Pchr		380887	TACATC	15				nesting		5076	species
	Penicillium roqueforti 	FM164	HTR-1_Proq		191446	ATTACA	10							
	Pyrenophora tritici-repentis 	V0001 V1	Horizon_Ptri	Horizon	135419	?	?				"partial	 from old genomes"			
Prometheus	Aspergillus awamori	IFM 58123	Prometheusfam_Aawa		50390	CTAC	?						105351	species
	Penicillium roqueforti 	LCP96 04111	Starship-1_Proq		118191	TTATACT	10							
	Penicillium roqueforti 	JCM 22842	Starship-1_Proq_S02		97487	CTTAAGCCACA	16	5S						
Galactica	Penicillium chrysogenum	PDH20-03	Atlantia_Pchr	Atlantia	182090	gtacatatgtaccta	?						5076	species
Galactica	Penicillium roqueforti 	DTO 039-G3	Atlantia_Proq_DTO_039-G3	Atlantia	369237	GTACATA								
Prometheus	Spiromastix sp.	SCSIO F190	Prometheus_Ssp	Prometheus	84348	TA							2044277	species
Prometheus	Paecilomyces variotii	IMV 00236	Prometheus_Pvar	Prometheus	78891	CTA 							264951	species
Prometheus	Aspergillus cibarius	DTO 197-D3	Prometheus_Acib	Prometheus	115942	C							1235455	species
Prometheus	Spiromastix sp.	SCSIO F190	Prometheus_Ssp_2	Prometheus	108264	CTACTA							2044277	species
Prometheus	Monascus ruber	NRRL 1597	Prometheusfam_Mrub		43353	TACTA							89489	species
Prometheus	Penicilliopsis zonata	CBS 506.65 	Prometheusfam_Pzon		39937	TACTA							41063	species
Prometheus	Aspergillus niger	WU-2020	Prometheusfam_Anig		51355	CTA							5061	species
	Penicillium roqueforti 	LCP06133	Starship_Proq_LCP06133 _1-1		56213	ATACT	28	Copia						
Phoenix	Penicillium roqueforti 	LCP06133	Phoenixfam_Proq		187642	ATTACA	10							
	Penicillium roqueforti 	LCP06133	Starship_Proq_LCP06133 _2-1		25070	CATA	17							
	Penicillium roqueforti 	LCP06133	Starship_Proq_LCP06133 _2-2		48770	ATACT	13							
Galactica	Penicillium roqueforti 	LCP06133	Atlantia_Proq_LCP06133_1	Atlantia	170319	TATGTA	18							
Prometheus	Penicillium roqueforti 	LCP06133	Prometheusfam_Proq		267218	TACT	30							
Enterprise	Penicillium roqueforti 	LCP06133	Enterprisefam_Proq		80714	GCCGTACATAAGCCACA	?	5S						
	Penicillium roqueforti 	LCP06133	Starship_Proq_LCP06133 _3-5		172729	AATTTACTATAT	?							
Galactica	Penicillium roqueforti 	LCP06133	Atlantia_Proq_LCP06133_2	Atlantia	166047	?	23							
Prometheus	Penicillium roqueforti 	LCP06133	Prometheusfam_Proq_LCP06133 _4-2		98548	?	19	TE						
	Penicillium roqueforti 	LCP06136	Starship_Proq_LCP06136 _1-1		118290	TTATACT	10							
Prometheus	Penicillium roqueforti 	LCP06136	Prometheusfam_Proq_LCP06136		88159	TACT	16	TE						
Prometheus	Penicillium roqueforti 	LCP06136	Prometheusfam_Proq_LCP06136_2-1		34227	GTAC	17							
Hephaestus	Penicillium roqueforti 	LCP06136	Hephaestusfam_Proq		19953	TTACA	13							
Prometheus	Penicillium roqueforti 	LCP06136	Prometheusfam_Proq_LCP06136_3-2		33633	TA	?							
	Penicillium roqueforti 	LCP06136	Starship_Proq_LCP06136_4-1		90820	AACAG	19							
Phoenix	Penicillium sp. 	IBT 35674x 	Typhon_Pensp	Typhon	697939	CAC								
	Penicillium chrysogenum 	P2niaD18	StarshipR_Pchr		96442	TAAA								
	Penicillium sp. 	str. #12	StarshipR_Psp		132693	CTAAA								
