Class,Species,Strain,Code,Size,TSD,aTIR,Spok,ARS,Other,HGT
Aves,Macrophomina phaseolina,mp053,Phoenix_Mpha,195341,TTTACA,17,No,,,
Aves,Phaeomoniella chlamydospora ,UCRPC4,Phoenix_Pcla,31584,TTACAG,14,No,,,
Battlestar,Paecilomyces variotii,CBS 144490 HYG1,Galactica_Pvar,202217,GCTAGT,13,No,,,
Battlestar,Aspergillus sojae,SMF134,Galactica_Asoj,393008,?,15,Yes,,Alignment to Afla,
Battlestar,Aspergillus oryzae,RIB40,Galactica_Aory,253754,GTAGT,16,Yes,,Alignment to Afla,
Battlestar,Aspergillus flavus,AF13,Galactica_Afla,309598,GTAGTT,12,Yes,,,
Battlestar,Aspergillus niger,FDAARGOS_311,Galactica_Anig,298635,TAGTG,16?,yes,,,
Battlestar,Aspergillus flavus,AZS04M2A,Galactica_Afla_AZS04M2A,309815,GTAGT,12,,,,
ClassA,Fonsecaea nubica,CBS 269.64 ,Starship-1_Fnub,86182,GAAACRA,-,No,,,
ClassA,Fonsecaea pedrosoi,CBS 271.37,Starship-1_Fped,86057,TGTTAT,-,No,,,
ClassA,Fusarium poae,2516,Starship-1_Fpoa,464334,TGTTTTGG,16,2 copies?,,,
ClassB,Aspergillus niger (phoenicis Corda) Thom ,ATCC 13157,Starship-1_Anig,75031,ACATACAACAGAAGG,11,No,,targets 5S,HSP70
ClassB,Aspergillus luchuensis,CBS 106.47 ,Starship-1_Aluc,81688,ACATACAACAGAAGG,-,,,aligned to Anig,
ClassB,Aspergillus welwitschiae,CBS139.54b,Starship-1_Awel,81412,ACATACAACAGAAGG,11,,,aligned to Anig,
ClassB,Aspergillus vadensis ,CBS 113365,Starship-1_Avad,79872,ACATACAACAGAAGG,11,,,,
Corneria,Trichoderma asperellum,CBS 433.97,Starship-1_Tasp,73474,GCTCGTATA,-,No,,n's,
Corneria,Fusarium fujikuroi,I1.3,Arwing_Ffuj,93762,CCCGTC,9,No,,HGT?,
Corneria,Fusarium oxyspoum,4287,Arwing_Foxy_Fol4287,92532,CCATAG,-,Yes,,,
Corneria,Fusarium oxyspoum,Fo5176,Arwing_Foxy_Fo5176,100660,CCCGTC,9,Yes,,,
Declaration,Cladophialophora psammophila, CBS 110553,Starship-2_Cpsa,91057,?,-,No,,rearrandged,
Declaration,Letharia lupina, WasteWater1,Starship-1_Llup,88059,YYACTCGT,-,No,,Ripped,
Declaration,Melanconium sp.,NRRL 54901,Enterprise_Msp,71950,AGGTAG,-,No,,,
Declaration,Podospora anserina,Wa28,Enterprise_Pans,161296,AGGTAG,-,Yes,,,
Declaration,Fusarium fujikuroi ,E282,Starship-2_Ffuj,86995,TGTGGTATT,16,,,related to ARS transfer,
Declaration,Fusarium proliferatum ,ITEM 2341,Starship-1_Fpro,81850,TGTGGTATT,16,,,aligned to Ffuj,
Declaration,Fusarium oxysporum,170,Starship-1_Foxy_170,82662,TGTGGTATT,16,,,aligned to Ffuj,
DeepSpace,Aspergillus flavus,NRRL3357,Starship-1_Afla,59419,ACTA,13,No,, insereted into other TE,
DeepSpace,Macrophomina phaseolina,mp050,Defiant_Mpha,192877,ACTA,17,No,,,
DeepSpace,Cochliobolus heterostrophus,PR9b,Starship-1_Chet,105366,TACT,18,No,,,
DeepSpace,Exserohilum turcica,Et28A ,Starship-1_Etur,157147,TACT,18,No,,aligned to Chet,"4,5 DOPA dioxygenase extradiol"
DeepSpace,Exserohilum rostratum, ER1,Starship-1_Eros,182487,TACT,18,No,,aligned to Etur,
DeepSpace,Bipolaris sorokiniana,BS112,Starship-1_Bsor,192084,TACT,18,No,,"aligned to Etur, MAT genes!?",
DeepSpace,Bipolaris victoriae,FI3,Starship-1_Bvic,92203,TTTACT,18,No,,aligned to Etur,
DeepSpace,Bipolaris maydis,C5,Starship-1_Bmay,140069,GTTTACT,18,No,,aligned to Chet,
DeepSpace,Aspergillus sp.,GbtcF2 F2_37,Starship-1_Asp,59378,ATACTA,27?,,,,
DeepSpace?,Fusarium culmorum,Class2-1B,Starship-1_Fcul,156001,ATACCT,-,2?,,Alignment to Foxy,
DeepSpace?,Fusarium oxysporum, Fo5176,Starship-1_Foxy_Fo5176,117827,?,,Yes,,Alignment to Foxy,
DeepSpace?,Fusarium oxysporum,Fo47,Starship-1_Foxy_Fo47,119415,?,,2?,,Alignment to Foxy,
DeepSpace?,Fusarium oxysporum,F1004,Starship-1_Foxy,137343,AAGATATAC,-,2?,,,
DeepSpace?,Fusarium oxysporum,F207,Foxy-1_Fusoxy_F207,139180,ATAATA,,2?,,Alignment to Foxy,
Intrepid,Macrophomina phaseolina,mp102,Voyager,91145,GCCCTGTATTCT,24,No,,targets 5S,
Intrepid,Botryosphaeria dothidea, LW-Hubei,Voyager_Bdot,68837,CCTATATTCT,11,No,,,
Leviathan,Alternaria gaisen,FERA 650,Starship-1_Agai,55716,TGAAAATTAG,11,No,,Alignment to Aalt,
Leviathan,Alternaria alternata,Z7,Starship-1_Aalt,87507,TGAAAATTAG,11,No,,Alignment to Aten,
Leviathan,Alternaria solani,NL03003,Starship-1_Asol,96947,tgaaagctag,9,No,Yes,Alignment to Aten,
Leviathan,Alternaria tenuissima,FERA 743,Starship-2_Aten,84520,TGAAAATTAG,10,No,Yes,targets 5S,
Leviathan,Alternaria tenuissima,FERA 743,Starship-1_Aten,83050,TGAAAATTAG,14,No,,,
Leviathan,Bipolaris maydis,HAW225,Starship-2_Bmay,99415,TAGTG,16,No,,,FabG
Leviathan,Bipolaris zeicola,GZL10,Starship-2_Bzei,77192,TAGT,18,No,,aligned to Bmay-2,
Olympus,Talaromyces marneffei,11CN-20-091,HEPHAESTUS_Tmar,59925,TTAC,-,Yes,,,
Olympus,Aspergillus felis, FM324,HEPHAESTUS_Afel,40445,TTACAGC,14,No,,aligned to Afum,
Olympus,Aspergillus fumigatus,Af293,HEPHAESTUS_Afum,53113,TTTACA,16,No,yes,,
Olympus,Penicillium chrysogenum,Pch1,Hephaestus_Pchr,62241,?,11,No,,aligned to?,
Olympus,Aspergillus nidulans ,SP-2605-48 ,HEPHAESTUS_Anid,81705,GTTTTAC,?,No,,,
Olympus,Penicillium griseoroseum,IF7SW-F5,Hephaestus_Pgri,62253,TTACA,11,,,,
Olympus,Penicillium roqueforti ,FM164,Hephaestus_Proq,74970,TATTACA,16,,,,
Olympus,Penicillium camemberti,FM013,Hephaestus_Pcam,79663,TATTACA,13,,,,
Olympus,Paecilomyces variotii,CBS 144490 HYG1,Hephaestus,77564,TTAC,15,yes,yes,,
Olympus,Aspergillus fumigatus,D-2-23L-5,HEPHAESTUS_Afum_D-2-23L-5,53113,TTACAA,16,No,yes,,
Olympus,Aspergillus fischeri ,IBT 3003,HEPHAESTUS_Afis,48913,TTACAA,13,,,,
Olympus,Aspergillus novofumigatus ,IBT 16806,HEPHAESTUS_Anov,47493,TACA,14,,,,
Olympus,Aspergillus thermomutatus ,HMR AF 39,HEPHAESTUS_Athe,65455,TTTACA,16,,,,
Olympus,Aspergillus lentulus ,IFM 60648,HEPHAESTUS_Alen,54465,TTTACAA,16,,,,
Olympus,Aspergillus neoellipticus,NRRL 5109,HEPHAESTUS_Aneo,14634,TTACA,16,,,,
Olympus,Aspergillus fumigatus,LMB-35Aa,HEPHAESTUS_Afum_mini,14634,TTACA,16,,,,
Olympus,Penicillium chrysogenum,HKF42,HEPHAESTUS_Pchr_HKF42,,TTACA,16,,,,
Olympus,Aspergillus fumigatus,Af293,HEPHAESTUS_Afum2,57356,ttACAAC,16,,,targeted microsatellite,
Olympus,Penicillium oxalicum,SGAir0226,Hephaestus_Poxa,43824,ACA,14,,,,
Olympus,Penicillium rolfsii,F1880,Hephaestus_Prol,56396,ATTACA,17,,,,
Olympus,Penicillium nalgiovense,IBT 13039,Hephaestus_Pnal,7679,?,14,,,,
Olympus,Penicillium chrysogenum,Wisconsin 54-1255,Hephaestus_Pchr_54-1255,111216,?,15?,,,,
Olympus,Penicillium decumbens ,IBT 11843,Hephaestus_Pdec,45942,GTTTACAA,?,,,,
Olympus,Penicillium sp. ,str. #12,Hephaestus_Psp,7679,?,14,,,,
Olympus,Talaromyces stipitatus ,ATCC 10500 ,Hephaestus_Tsti,40862,?,10,,,,
Olympus,Talaromyces rugulosus ,W13939,Hephaestus_Trug,49232,?,13,,,,
Olympus,Talaromyces rugulosus ,W13939,Hephaestus_Trug2,48648,?,7,,,,
Olympus,Talaromyces islandicus ,PIS,Hephaestus_Tisl,53416,?,10,,,,
Olympus,Aspergillus fischeri ,NRRL 181,Hephaestus_Afis_NRRL181,36858,TTACA,?,,,,
Wallace,Penicillium roqueforti ,FM164,Wallaby,574636,ACCA,5,,,inserted to other TE,
Orphan,Trichoderma asperellum,DQ-1,Starship-2_Tasp,293882,ATAACA,12,No,,Nesting,
Orphan,Podospora anserina,S,Starship-2_Pans,60406,TCTC,10,No,,,
Orphan,Cladophialophora psammophila, CBS 110553,Starship-1_Cpsa,69866,TCTTGGCG,24,No,,,
Orphan,Orbilia oligospora, TWF106,Starship-1_Ooli,112276,NTAANTA,18,No,yes,,
Orphan,Morchella importuna ,CCBAS932 v1.0,Starship-1_Mimp,26941,TACTCTACT,17,No,,,
ClassC,Aspergillus nidulans ,SP-2605-48,Starship-1_Anid_SP-2605-48,,AAGCC,13,,,5S,
Unknown,Penicillium sp. ,str. #12,StarshipX_Psp,,TTATTACAC,10,,,,
Unknown,Penicillium chrysogenum,P2niaD18,StarshipX_Pchr,380887,TACATC,15,,,nesting,
Unknown,Penicillium roqueforti ,FM164,HTR-1_Proq,191446,ATTACA,10,,,,
Unknown,Pyrenophora tritici-repentis ,V0001 V1,Horizon,135419,?,?,,,"partial, from old genomes",
Unknown,Aspergillus awamori,IFM 58123,Prometheus_Aawa,50390,CTAC,?,,,,
Unknown,Penicillium roqueforti ,LCP96 04111,Starship-1_Proq,118191,TTATACT,10,,,,
ClassC,Penicillium roqueforti ,JCM 22842,Starship-1_Proq_S02,97487,CTTAAGCCACA,16,,,5S,
Battlestar,Penicillium chrysogenum,PDH20-03,Atlantia_Pchr,182090,gtacatatgtaccta,?,,,,
Battlestar,Penicillium roqueforti ,DTO 039-G3,Atlantia_Proq_DTO_039-G3,369237,GTACATA,,,,,
